日期,质量等级,AQI指数,当天AQI排名,PM2.5,PM10,So2,No2,Co,O3
2023-01-01,严重污染,273,336,223,249,12,75,1.74,17
2023-01-02,重度污染,246,328,196,212,10,69,1.59,28
2023-01-03,严重污染,274,330,224,244,9,76,1.78,25
2023-01-04,严重污染,311,336,261,286,9,88,1.97,17
2023-01-05,严重污染,344,329,294,329,9,93,2.10,25
2023-01-06,轻度污染,144,230,80,210,8,48,1.08,35
2023-01-07,轻度污染,136,280,101,184,12,79,1.42,17
2023-01-08,中度污染,189,316,143,209,13,90,1.58,17
2023-01-09,重度污染,220,326,170,230,15,85,1.84,21
2023-01-10,中度污染,172,302,132,188,12,65,1.38,26
2023-01-11,中度污染,200,315,151,195,11,66,1.45,22
2023-01-12,重度污染,245,324,195,228,10,70,1.64,24
2023-01-13,严重污染,342,328,137,428,6,34,0.87,40
2023-01-14,良,82,293,23,114,5,13,0.36,57
2023-01-15,良,61,284,23,73,6,19,0.43,54
2023-01-16,良,70,275,41,90,8,38,0.66,39
2023-01-17,轻度污染,122,301,60,194,7,34,0.62,44
2023-01-18,轻度污染,109,264,75,161,9,51,0.90,32
2023-01-19,轻度污染,101,256,67,128,9,36,0.75,47
2023-01-20,轻度污染,117,313,75,179,11,33,1.04,37
2023-01-21,重度污染,208,328,157,268,17,39,1.35,40
2023-01-22,严重污染,328,336,272,352,27,37,1.33,51
2023-01-23,中度污染,163,308,106,181,10,21,0.90,59
2023-01-24,良,95,301,25,139,6,8,0.46,72
2023-01-25,良,64,204,36,78,10,17,0.87,55
2023-01-26,轻度污染,102,292,66,134,12,29,0.88,47
2023-01-27,良,72,218,30,93,7,15,0.44,71
2023-01-28,良,80,284,55,99,10,34,0.77,47
2023-01-29,良,80,259,56,88,11,47,0.89,41
2023-01-30,轻度污染,113,301,85,118,13,63,1.18,35
2023-01-31,中度污染,156,316,118,150,13,71,1.33,41
日期,质量等级,AQI指数,当天AQI排名,PM2.5,PM10,So2,No2,Co,O3
2023-02-01,轻度污染,136,281,94,150,13,60,1.20,30
2023-02-02,良,86,277,35,121,11,32,0.70,36
2023-02-03,良,97,302,71,131,13,51,0.92,27
2023-02-04,中度污染,171,326,129,193,19,65,1.41,38
2023-02-05,严重污染,259,336,208,282,22,82,1.64,30
2023-02-06,严重污染,326,337,275,324,20,85,1.81,30
2023-02-07,严重污染,283,334,233,280,15,83,1.91,34
2023-02-08,严重污染,280,336,230,275,12,60,1.73,28
2023-02-09,中度污染,187,335,140,147,6,36,1.38,33
2023-02-10,中度污染,155,322,118,123,6,32,1.38,38
2023-02-11,轻度污染,115,300,87,93,6,34,1.34,17
2023-02-12,良,58,208,41,47,6,30,1.19,15
2023-02-13,优,50,219,35,39,6,25,0.92,20
2023-02-14,良,55,256,39,52,6,27,0.60,49
2023-02-15,轻度污染,113,322,85,94,7,41,1.10,19
2023-02-16,中度污染,153,328,116,135,7,52,1.28,18
2023-02-17,中度污染,170,319,128,147,9,54,1.30,22
2023-02-18,轻度污染,112,258,69,109,7,33,0.79,50
2023-02-19,良,77,246,28,103,8,51,0.56,36
2023-02-20,轻度污染,102,313,71,145,12,68,0.93,15
2023-02-21,轻度污染,109,324,82,124,9,54,0.78,31
2023-02-22,轻度污染,130,330,99,101,6,46,0.80,19
2023-02-23,轻度污染,131,323,100,98,6,42,0.81,39
2023-02-24,良,85,276,60,84,7,50,0.78,38
2023-02-25,中度污染,159,329,119,141,8,41,0.78,46
2023-02-26,轻度污染,134,321,102,123,8,39,0.80,45
2023-02-27,中度污染,181,328,137,158,8,44,0.96,45
2023-02-28,轻度污染,150,329,97,165,8,44,0.83,38
日期,质量等级,AQI指数,当天AQI排名,PM2.5,PM10,So2,No2,Co,O3
2023-03-01,轻度污染,105,268,42,160,10,50,0.60,37
2023-03-01,轻度污染,105,268,42,160,10,50,0.60,37
2023-03-02,轻度污染,109,305,60,168,10,66,0.74,22
2023-03-03,良,87,247,50,123,8,51,0.58,47
2023-03-04,良,86,234,54,120,10,67,0.66,39
2023-03-05,轻度污染,118,302,88,159,11,80,0.94,38
2023-03-06,轻度污染,116,303,87,148,11,72,0.90,54
2023-03-07,轻度污染,118,295,88,154,10,88,0.91,42
2023-03-08,良,81,218,48,106,9,58,0.60,56
2023-03-09,良,88,241,40,125,9,67,0.64,37
2023-03-10,良,92,260,59,133,10,64,0.68,53
2023-03-11,轻度污染,148,280,43,206,7,45,0.50,48
2023-03-12,轻度污染,113,297,36,176,6,24,0.35,61
2023-03-13,轻度污染,111,318,56,173,9,64,0.61,26
2023-03-14,良,100,293,52,149,9,52,0.66,52
2023-03-15,良,84,215,24,118,9,20,0.38,71
2023-03-16,优,46,85,26,52,6,24,0.53,47
2023-03-17,良,51,228,36,38,6,22,0.53,54
2023-03-18,良,85,305,62,69,6,31,0.61,46
2023-03-19,轻度污染,118,329,89,109,8,44,0.77,50
2023-03-20,轻度污染,105,299,79,105,8,39,0.72,55
2023-03-21,轻度污染,107,258,80,113,8,40,0.77,58
2023-03-22,轻度污染,139,220,53,227,7,26,0.45,70
2023-03-23,良,84,191,48,119,5,18,0.46,60
2023-03-24,中度污染,171,313,76,289,6,20,0.45,43
2023-03-25,良,93,294,51,135,6,23,0.52,51
2023-03-26,良,83,278,51,115,11,41,0.62,36
2023-03-27,良,73,206,36,95,7,43,0.58,50
2023-03-28,良,79,228,40,107,9,54,0.60,52
2023-03-29,良,70,219,31,90,9,47,0.54,62
2023-03-30,良,80,280,48,110,12,58,0.63,56
2023-03-31,良,81,289,53,111,10,53,0.63,70
日期,质量等级,AQI指数,当天AQI排名,PM2.5,PM10,So2,No2,Co,O3
2023-04-01,良,75,260,46,97,10,34,0.63,87
2023-04-02,良,64,203,31,80,6,14,0.48,86
2023-04-03,优,17,7,6,11,5,13,0.38,55
2023-04-04,优,21,18,13,19,5,21,0.47,45
2023-04-05,良,63,271,35,88,5,19,0.47,48
2023-04-06,中度污染,173,325,81,281,5,20,0.32,76
2023-04-07,轻度污染,133,328,69,216,9,48,0.48,44
2023-04-08,轻度污染,101,321,61,153,11,46,0.68,50
2023-04-09,良,84,268,43,118,8,53,0.74,61
2023-04-10,良,89,253,43,128,9,57,0.69,69
2023-04-11,严重污染,426,323,122,563,7,27,0.35,63
2023-04-12,严重污染,256,256,115,389,12,45,0.68,50
2023-04-13,中度污染,185,286,94,307,8,49,0.83,36
2023-04-14,良,72,186,30,94,6,28,0.44,56
2023-04-15,良,66,144,22,83,6,39,0.35,58
2023-04-16,良,82,259,34,114,9,47,0.51,61
2023-04-17,良,93,303,46,136,11,44,0.65,76
2023-04-18,良,95,284,55,136,10,47,0.85,84
2023-04-19,良,95,275,52,132,10,41,0.84,117
2023-04-20,严重污染,457,321,289,1116,6,25,0.45,54
2023-04-21,良,85,298,39,116,5,15,0.49,57
2023-04-22,优,20,23,13,14,5,15,0.60,51
2023-04-23,优,23,75,13,14,5,16,0.58,59
2023-04-24,优,31,122,21,26,5,21,0.83,45
2023-04-25,良,51,247,23,57,5,29,0.72,54
2023-04-26,良,73,313,37,95,8,42,0.80,63
2023-04-27,良,75,300,34,100,7,40,0.75,72
2023-04-28,中度污染,181,318,56,266,5,20,0.30,75
2023-04-29,轻度污染,104,284,55,157,6,44,0.41,53
2023-04-30,良,76,245,40,101,8,43,0.48,67
日期,质量等级,AQI指数,当天AQI排名,PM2.5,PM10,So2,No2,Co,O3
2023-05-01,良,68,193,33,86,8,39,0.49,74
2023-05-02,良,69,249,33,88,7,25,0.46,94
2023-05-03,良,63,272,38,73,7,18,0.56,82
2023-05-04,优,47,276,26,54,4,15,0.66,38
2023-05-05,良,71,316,36,93,5,20,0.42,56
2023-05-06,优,31,116,20,27,5,15,0.51,55
2023-05-07,优,33,135,20,30,5,17,0.64,56
2023-05-08,优,37,145,16,36,5,19,0.56,67
2023-05-09,优,44,159,26,44,5,23,0.59,59
2023-05-10,优,50,225,31,51,5,22,0.64,73
2023-05-11,优,47,172,20,46,6,27,0.53,71
2023-05-12,良,59,229,21,67,6,33,0.38,75
2023-05-13,良,61,253,24,64,6,38,0.37,92
2023-05-14,良,58,171,25,55,6,34,0.41,96
2023-05-15,良,66,228,28,60,7,35,0.46,102
2023-05-16,良,56,179,24,52,7,29,0.40,103
2023-05-17,良,63,288,29,75,7,18,0.39,93
2023-05-18,优,49,220,19,49,6,13,0.32,105
2023-05-19,良,51,198,26,53,6,17,0.40,109
2023-05-20,良,63,202,33,79,7,17,0.50,108
2023-05-21,优,42,107,15,45,5,12,0.33,71
2023-05-22,优,31,76,9,31,6,17,0.28,78
2023-05-23,优,41,122,17,42,6,34,0.37,45
2023-05-24,优,40,103,17,36,6,29,0.38,80
2023-05-25,优,50,190,30,53,5,46,0.52,35
2023-05-26,优,46,179,24,47,5,40,0.51,25
2023-05-27,优,29,83,14,29,5,20,0.48,42
2023-05-28,优,15,5,9,14,5,23,0.68,33
2023-05-29,优,21,24,12,20,5,29,0.97,27
2023-05-30,优,44,194,12,27,5,22,0.89,92
2023-05-31,优,40,162,23,38,6,20,0.81,54
日期,质量等级,AQI指数,当天AQI排名,PM2.5,PM10,So2,No2,Co,O3
2023-06-01,优,33,0,11,28,5,23,0.50,74
2023-06-02,优,28,0,13,26,5,27,0.48,48
2023-06-03,优,24,0,11,18,5,18,0.44,57
2023-06-04,优,22,0,8,14,5,14,0.47,67
2023-06-05,优,28,0,10,26,5,25,0.50,60
2023-06-06,良,53,0,17,41,6,34,0.52,95
2023-06-07,良,52,0,21,48,6,28,0.50,95
2023-06-08,良,56,0,20,51,6,28,0.43,105
2023-06-09,良,62,0,19,52,7,31,0.38,102
2023-06-10,良,64,0,18,52,7,35,0.38,104
2023-06-11,良,83,0,28,84,9,32,0.51,133
2023-06-12,良,61,0,32,71,7,32,0.53,88
2023-06-13,良,60,0,18,45,6,26,0.40,110
2023-06-14,良,59,0,17,45,6,29,0.40,114
2023-06-15,优,44,0,17,41,6,21,0.40,106
2023-06-16,优,37,0,16,30,5,12,0.40,116
2023-06-17,优,28,0,13,20,5,13,0.45,82
2023-06-18,优,27,0,11,17,5,14,0.49,86
2023-06-19,优,48,0,23,55,5,28,0.61,65
2023-06-20,良,58,0,24,65,6,39,0.52,65
2023-06-21,良,70,0,25,63,6,40,0.48,98
2023-06-22,良,59,0,19,49,6,25,0.36,105
2023-06-23,优,46,0,17,38,6,18,0.35,108
2023-06-24,优,42,0,14,34,6,18,0.35,115
2023-06-25,良,51,0,17,40,7,26,0.38,110
2023-06-26,良,70,0,23,55,7,29,0.45,133
2023-06-27,良,55,0,25,56,7,28,0.52,88
2023-06-28,优,30,0,15,29,5,15,0.46,68
2023-06-29,良,63,0,21,44,5,22,0.48,111
2023-06-30,良,63,0,20,45,6,24,0.46,126
日期,质量等级,AQI指数,当天AQI排名,PM2.5,PM10,So2,No2,Co,O3
2023-07-01,优,48,0,23,50,7,24,0.51,109
2023-07-02,优,43,0,26,42,5,22,0.58,80
2023-07-03,优,30,0,12,22,5,12,0.58,83
2023-07-04,优,37,0,11,36,5,19,0.38,89
2023-07-05,良,75,0,23,75,6,39,0.54,107
2023-07-06,良,57,0,23,63,6,35,0.55,88
2023-07-07,良,54,0,17,48,6,31,0.50,89
2023-07-08,良,80,0,22,63,6,36,0.54,130
2023-07-09,良,91,0,29,76,7,36,0.61,146
2023-07-10,良,74,0,28,69,7,27,0.61,115
2023-07-11,良,58,0,24,54,6,23,0.57,90
2023-07-12,良,51,0,21,45,5,17,0.56,90
2023-07-13,优,25,0,6,14,4,9,0.39,75
2023-07-14,良,51,0,18,64,5,20,0.43,74
2023-07-15,良,51,0,17,49,5,27,0.47,81
2023-07-16,良,61,0,14,40,6,29,0.49,113
2023-07-17,良,64,0,23,51,7,26,0.54,123
2023-07-18,良,58,0,23,45,7,17,0.50,137
2023-07-19,良,59,0,23,46,6,18,0.50,129
2023-07-20,良,70,0,27,57,6,21,0.54,125
2023-07-21,良,54,0,24,57,5,14,0.42,114
2023-07-22,良,73,0,24,63,6,28,0.47,116
2023-07-23,良,74,0,24,61,6,33,0.55,121
2023-07-24,优,46,0,18,45,6,21,0.48,103
2023-07-25,优,49,0,16,41,7,22,0.45,97
2023-07-26,优,34,0,14,31,6,11,0.43,96
2023-07-27,优,44,0,22,46,5,18,0.54,69
2023-07-28,优,22,0,11,17,5,13,0.54,56
2023-07-29,优,28,0,17,27,5,15,0.65,55
2023-07-30,优,33,0,17,30,5,20,0.68,57
2023-07-31,优,36,0,15,32,5,20,0.58,70
日期,质量等级,AQI指数,当天AQI排名,PM2.5,PM10,So2,No2,Co,O3
2023-08-01,优,37,0,16,33,5,19,0.53,77
2023-08-02,优,38,0,17,35,5,21,0.56,76
2023-08-03,优,37,0,13,30,5,18,0.47,88
2023-08-04,优,44,0,14,37,5,24,0.50,85
2023-08-05,良,52,0,14,38,5,22,0.51,105
2023-08-06,优,34,0,16,34,5,20,0.58,66
2023-08-07,优,32,0,18,32,5,19,0.60,57
2023-08-08,优,41,0,22,40,5,17,0.63,73
2023-08-09,优,50,0,28,51,5,16,0.68,96
2023-08-10,良,57,0,33,58,5,19,0.66,102
2023-08-11,良,53,0,32,61,5,23,0.67,74
2023-08-12,优,34,0,9,21,5,11,0.43,103
2023-08-13,良,54,0,15,41,6,25,0.49,100
2023-08-14,良,52,0,22,46,6,25,0.55,98
2023-08-15,优,49,0,22,43,6,19,0.55,108
2023-08-16,良,65,0,27,52,6,26,0.59,110
2023-08-17,轻度污染,116,0,52,182,6,20,0.43,86
2023-08-18,良,60,0,24,71,7,22,0.45,77
2023-08-19,良,64,0,24,70,7,28,0.52,97
2023-08-20,优,30,0,15,30,5,13,0.51,68
2023-08-21,优,34,0,13,26,5,15,0.59,92
2023-08-22,良,60,0,20,56,6,27,0.56,99
2023-08-23,优,39,0,16,39,5,24,0.50,79
2023-08-24,优,47,0,22,44,6,23,0.58,81
2023-08-25,良,53,0,29,56,6,27,0.64,59
2023-08-26,优,31,0,14,24,5,11,0.55,66
2023-08-27,优,22,0,6,12,5,13,0.65,65
2023-08-28,优,37,0,15,29,5,22,0.74,74
2023-08-29,优,44,0,16,34,6,25,0.68,84
2023-08-30,良,54,0,18,39,6,27,0.62,97
2023-08-31,良,52,0,20,45,6,33,0.59,84
日期,质量等级,AQI指数,当天AQI排名,PM2.5,PM10,So2,No2,Co,O3
2023-09-01,良,52,0,25,56,7,36,0.62,66
2023-09-02,良,61,0,31,61,7,30,0.63,87
2023-09-03,良,65,0,29,58,6,25,0.58,104
2023-09-04,良,58,0,28,59,7,26,0.59,88
2023-09-05,优,41,0,19,41,6,16,0.45,97
2023-09-06,优,43,0,23,43,6,14,0.46,104
2023-09-07,良,59,0,33,56,6,19,0.60,117
2023-09-08,良,96,0,56,140,7,22,0.64,95
2023-09-09,良,62,0,38,73,6,30,0.63,58
2023-09-10,优,50,0,19,43,7,26,0.63,83
2023-09-11,优,38,0,17,36,6,27,0.59,55
2023-09-12,优,23,0,9,22,5,19,0.45,53
2023-09-13,优,43,0,22,42,6,26,0.56,68
2023-09-14,优,48,0,25,48,6,21,0.59,81
2023-09-15,优,49,0,25,48,7,22,0.57,92
2023-09-16,良,53,0,30,53,7,26,0.60,85
2023-09-17,良,60,0,37,69,7,28,0.69,75
2023-09-18,优,41,0,20,43,6,21,0.69,64
2023-09-19,优,35,0,16,30,5,20,0.63,51
2023-09-20,优,36,0,20,36,5,19,0.72,52
2023-09-21,优,36,0,20,35,6,20,0.68,67
2023-09-22,优,42,0,20,42,7,30,0.63,40
2023-09-23,优,28,0,13,25,6,16,0.46,79
2023-09-24,优,22,0,14,20,5,20,0.48,52
2023-09-25,优,24,0,13,23,6,30,0.61,28
2023-09-26,优,21,0,9,18,5,25,0.63,40
2023-09-27,优,22,0,9,17,5,24,0.60,53
2023-09-28,优,23,0,13,21,5,27,0.63,31
2023-09-29,优,27,0,14,25,5,19,0.58,56
2023-09-30,优,42,0,19,46,7,24,0.66,53
日期,质量等级,AQI指数,当天AQI排名,PM2.5,PM10,So2,No2,Co,O3
2023-10-01,良,56,0,33,62,8,30,0.96,32
2023-10-02,优,25,0,16,24,5,16,0.54,51
2023-10-03,优,25,0,13,24,6,21,0.67,42
2023-10-04,优,22,0,13,21,5,27,0.73,29
2023-10-05,优,25,0,14,24,5,18,0.58,44
2023-10-06,优,24,0,13,23,5,18,0.48,45
2023-10-07,优,35,0,18,34,6,30,0.64,45
2023-10-08,优,44,0,22,45,6,35,0.70,22
2023-10-09,良,55,0,29,61,8,39,0.86,37
2023-10-10,良,69,323,44,88,8,49,0.89,39
2023-10-11,良,77,320,52,103,8,41,0.91,39
2023-10-12,良,66,265,46,80,6,32,1.04,42
2023-10-13,优,40,152,19,42,6,30,0.65,47
2023-10-14,优,39,118,16,38,6,34,0.48,47
2023-10-15,优,40,100,16,40,6,40,0.47,45
2023-10-16,良,68,268,44,79,9,56,0.69,46
2023-10-17,良,86,297,62,112,7,52,0.87,32
2023-10-18,优,35,79,18,35,6,30,0.48,28
2023-10-19,优,25,64,10,24,5,21,0.38,56
2023-10-20,优,44,282,17,45,7,36,0.50,36
日期,质量等级,AQI指数,当天AQI排名,PM2.5,PM10,So2,No2,Co,O3
2023-11-01,良,60,194,32,70,8,56,0.83,23
2023-11-02,良,63,200,29,75,8,48,0.68,39
2023-11-03,优,50,156,19,58,6,35,0.48,37
2023-11-04,良,54,159,33,62,6,37,0.54,13
2023-11-05,良,60,262,25,71,6,30,0.45,30
2023-11-06,优,48,248,14,50,7,38,0.40,27
2023-11-07,良,73,319,49,92,9,57,0.68,12
2023-11-08,良,87,313,64,110,8,67,0.90,20
2023-11-09,良,84,285,55,114,9,57,0.84,13
2023-11-10,良,72,304,40,94,8,37,0.60,25
2023-11-11,优,43,236,27,36,6,32,0.60,12
2023-11-12,良,69,300,50,60,5,34,0.69,12
2023-11-13,良,73,295,53,78,7,45,0.70,22
2023-11-14,轻度污染,114,324,86,115,7,56,0.92,18
2023-11-15,轻度污染,109,267,73,124,6,51,0.83,17
2023-11-16,重度污染,208,335,53,289,3,26,0.39,43
2023-11-17,良,75,269,43,99,5,52,0.71,20
2023-11-18,良,76,304,53,94,6,59,0.83,17
2023-11-19,良,95,312,71,107,7,68,0.90,15
2023-11-20,轻度污染,148,330,112,159,9,80,1.23,15
2023-11-21,中度污染,166,320,125,165,8,74,1.19,26
2023-11-22,良,94,255,39,137,5,38,0.50,38
2023-11-23,良,79,217,31,108,4,30,0.36,40
2023-11-24,良,65,235,30,80,7,33,0.58,27
2023-11-25,良,68,255,41,83,6,39,0.58,16
2023-11-26,轻度污染,109,331,82,137,6,70,1.11,9
2023-11-27,良,88,258,57,106,5,54,0.84,26
2023-11-28,良,74,233,30,97,7,44,0.73,22
2023-11-29,良,74,249,38,98,7,39,0.68,26
2023-11-30,优,44,145,19,47,5,31,0.50,31
日期,质量等级,AQI指数,当天AQI排名,PM2.5,PM10,So2,No2,Co,O3
2023-12-01,良,68,299,44,80,7,51,0.75,19
2023-12-02,轻度污染,109,327,82,115,7,64,0.92,19
2023-12-03,中度污染,156,334,118,154,8,78,1.20,15
2023-12-04,轻度污染,131,322,98,129,6,72,1.13,21
2023-12-05,轻度污染,115,263,75,132,6,55,0.95,25
2023-12-06,中度污染,163,300,60,275,4,38,0.58,41
2023-12-07,良,84,223,43,119,5,48,0.75,28
2023-12-08,良,79,239,54,105,6,61,1.00,17
2023-12-09,轻度污染,133,327,100,160,10,73,1.33,17
2023-12-10,轻度污染,112,316,83,121,4,35,1.00,18
2023-12-11,优,48,226,34,38,2,30,0.95,8
2023-12-12,良,89,311,66,75,2,30,1.07,9
2023-12-13,良,56,180,39,44,2,22,0.83,19
2023-12-14,优,39,116,24,37,3,24,0.75,10
2023-12-15,良,75,311,18,100,3,13,0.42,45
2023-12-16,良,72,322,23,94,4,29,0.50,40
2023-12-17,良,57,276,30,63,6,25,0.81,37
2023-12-18,良,77,275,56,91,6,41,0.90,23
2023-12-19,轻度污染,103,303,72,129,6,46,1.01,23
2023-12-20,良,66,237,29,82,6,30,0.66,35
2023-12-21,良,56,208,25,62,5,24,0.50,47
2023-12-22,良,67,240,46,78,6,45,0.80,19
2023-12-23,轻度污染,117,310,88,128,7,61,1.08,9
2023-12-24,中度污染,152,326,115,158,7,66,1.35,12
2023-12-25,中度污染,162,324,123,162,6,71,1.40,14
2023-12-26,中度污染,174,322,132,164,6,71,1.28,21
2023-12-27,中度污染,196,321,149,184,8,66,1.47,19
2023-12-28,重度污染,250,326,200,230,7,66,1.80,12
2023-12-29,重度污染,230,297,181,215,7,62,1.64,31
2023-12-30,中度污染,175,243,135,173,6,60,1.37,28
2023-12-31,轻度污染,127,241,95,142,7,46,1.06,34
日期,质量等级,AQI指数,当天AQI排名,PM2.5,PM10,So2,No2,Co,O3
2024-01-01,轻度污染,119,244,90,134,7,51,1.07,22
2024-01-02,轻度污染,105,208,73,113,6,45,0.94,30
2024-01-03,良,77,212,52,96,6,50,0.94,30
2024-01-04,良,93,274,69,110,6,61,0.98,24
2024-01-05,轻度污染,110,284,83,128,7,67,1.14,20
2024-01-06,良,80,179,52,95,6,53,0.88,25
2024-01-07,良,77,200,48,96,8,48,0.92,16
2024-01-08,轻度污染,130,273,98,150,9,73,1.38,11
2024-01-09,轻度污染,112,216,77,130,6,62,1.06,25
2024-01-10,良,91,194,64,124,8,56,1.01,20
2024-01-11,轻度污染,126,220,95,157,7,80,1.33,14
2024-01-12,中度污染,186,271,141,192,8,83,1.55,20
2024-01-13,重度污染,238,279,188,230,8,79,1.60,31
2024-01-14,轻度污染,150,243,106,170,6,52,1.07,35
2024-01-15,轻度污染,112,252,83,113,5,36,1.00,22
2024-01-16,良,94,252,69,71,3,36,0.96,13
2024-01-17,轻度污染,111,270,84,80,3,39,1.05,12
2024-01-18,中度污染,153,300,116,126,4,40,1.31,14
2024-01-19,轻度污染,108,293,81,88,3,34,1.37,13
2024-01-20,轻度污染,112,301,84,91,4,38,1.32,18
2024-01-21,良,55,212,34,53,4,19,0.55,50
2024-01-22,优,21,41,10,20,5,14,0.39,60
2024-01-23,优,37,150,22,36,6,31,0.53,40
2024-01-24,良,58,237,41,59,5,38,0.62,38
2024-01-25,良,66,226,47,68,7,46,0.68,34
2024-01-26,良,89,264,66,96,8,54,0.80,35
2024-01-27,良,97,247,72,112,7,58,0.89,32
2024-01-28,轻度污染,109,260,82,128,9,60,1.03,33
2024-01-29,轻度污染,142,289,108,146,10,64,1.33,32
2024-01-30,中度污染,197,292,149,182,10,64,1.45,37
2024-01-31,重度污染,237,295,187,217,7,63,1.67,13
日期,质量等级,AQI指数,当天AQI排名,PM2.5,PM10,So2,No2,Co,O3
2024-02-01,中度污染,174,304,135,145,4,38,1.44,20
2024-02-02,良,90,264,67,71,4,22,0.98,41
2024-02-03,轻度污染,116,283,88,84,4,24,0.93,40
2024-02-04,轻度污染,109,278,82,79,4,21,0.90,47
2024-02-05,轻度污染,105,262,79,78,5,27,0.92,39
2024-02-06,轻度污染,127,265,96,96,5,29,1.15,38
2024-02-07,轻度污染,123,251,93,104,6,29,1.15,50
2024-02-08,中度污染,152,261,116,124,5,30,1.16,53
2024-02-09,轻度污染,128,188,96,125,9,32,1.00,51
2024-02-10,重度污染,218,229,166,247,14,27,0.77,52
2024-02-11,轻度污染,101,183,70,145,9,26,0.79,53
2024-02-12,轻度污染,122,282,92,144,9,31,0.94,67
2024-02-13,轻度污染,136,294,104,142,9,38,1.12,70
2024-02-14,轻度污染,107,265,64,124,6,20,0.68,55
2024-02-15,良,55,217,28,61,5,13,0.42,61
2024-02-16,良,72,286,49,91,6,29,0.64,50
2024-02-17,良,99,288,74,107,7,37,0.84,51
2024-02-18,严重污染,343,293,214,1049,4,28,0.65,41
2024-02-19,严重污染,464,301,158,707,5,15,0.47,43
2024-02-20,良,81,260,41,107,4,13,0.52,42
2024-02-21,良,56,259,40,42,3,12,0.66,45
2024-02-22,良,86,300,64,65,4,17,0.85,47
2024-02-23,良,74,281,54,56,4,17,0.67,54
2024-02-24,良,93,258,69,77,5,21,0.73,65
2024-02-25,轻度污染,131,269,99,107,5,33,0.88,56
2024-02-26,轻度污染,131,300,99,117,6,37,0.94,47
2024-02-27,轻度污染,112,290,84,103,6,28,0.79,62
2024-02-28,中度污染,153,300,116,140,6,38,0.92,47
2024-02-29,轻度污染,101,281,76,87,4,22,0.70,57
日期,质量等级,AQI指数,当天AQI排名,PM2.5,PM10,So2,No2,Co,O3
2024-03-01,良,57,213,40,56,4,24,0.52,45
2024-03-02,良,53,132,35,46,4,31,0.55,48
2024-03-03,良,81,269,59,94,8,50,0.82,37
2024-03-04,轻度污染,112,295,84,117,6,51,0.89,25
2024-03-05,轻度污染,113,269,85,118,6,46,0.90,16
2024-03-06,良,75,213,46,88,5,38,0.60,44
2024-03-07,良,89,237,38,128,5,38,0.46,53
2024-03-08,良,74,231,31,98,7,39,0.52,47
2024-03-09,良,90,284,60,126,7,57,0.73,38
2024-03-10,良,94,244,70,116,6,53,0.81,30
2024-03-11,良,63,147,34,75,5,40,0.60,52
2024-03-12,良,65,172,31,80,7,35,0.54,59
2024-03-13,良,72,192,50,91,5,48,0.61,44
2024-03-14,良,94,246,70,110,6,45,0.69,59
2024-03-15,良,62,134,36,74,4,24,0.50,91
2024-03-16,严重污染,303,305,91,387,5,37,0.58,47
2024-03-17,中度污染,189,303,86,270,4,24,0.50,55
2024-03-18,良,74,225,38,98,4,18,0.40,62
2024-03-19,轻度污染,132,298,44,213,4,33,0.32,54
2024-03-20,轻度污染,104,291,53,159,6,49,0.45,43
2024-03-21,良,96,279,61,142,6,59,0.58,51
2024-03-22,轻度污染,115,289,59,179,6,57,0.63,63
2024-03-23,轻度污染,112,300,70,174,7,30,0.64,77
2024-03-24,优,49,185,34,41,3,19,0.61,57
2024-03-25,优,35,110,18,37,3,31,0.55,64
2024-03-26,良,72,271,49,90,5,55,0.63,33
2024-03-27,轻度污染,108,286,54,154,5,42,0.56,47
2024-03-28,良,74,201,24,98,4,39,0.36,57
2024-03-29,良,61,185,25,72,5,48,0.43,55
2024-03-30,良,75,241,35,101,6,52,0.49,48
2024-03-31,良,91,285,54,129,6,58,0.64,59
日期,质量等级,AQI指数,当天AQI排名,PM2.5,PM10,So2,No2,Co,O3
2024-04-01,良,83,243,47,116,6,53,0.70,47
2024-04-02,良,81,249,43,107,4,34,0.65,33
2024-04-03,良,69,254,29,85,4,26,0.51,55
2024-04-04,良,88,298,65,87,4,23,0.86,59
2024-04-05,良,81,287,60,86,5,30,0.69,53
2024-04-06,良,90,288,66,106,4,39,0.74,52
2024-04-07,良,79,275,53,107,5,47,0.71,59
2024-04-08,良,75,263,47,99,5,44,0.64,73
2024-04-09,良,61,218,24,73,4,36,0.45,80
2024-04-10,优,48,123,19,50,4,23,0.42,84
2024-04-11,良,56,165,24,63,4,39,0.47,65
2024-04-12,良,63,200,30,75,5,45,0.54,64
2024-04-13,良,54,172,23,60,4,21,0.49,70
2024-04-14,优,42,115,19,44,4,17,0.46,72
2024-04-15,良,75,211,33,100,6,32,0.57,61
2024-04-16,良,87,252,32,124,8,35,0.63,49
2024-04-17,良,71,223,35,91,5,33,0.62,76
2024-04-18,良,72,233,33,94,5,34,0.53,74
2024-04-19,中度污染,180,301,68,246,4,17,0.41,85
2024-04-20,轻度污染,127,286,67,203,5,33,0.49,49
2024-04-21,轻度污染,117,287,54,183,5,37,0.47,61
2024-04-22,良,93,272,45,136,5,39,0.51,69
2024-04-23,严重污染,301,305,101,418,4,23,0.32,75
2024-04-24,轻度污染,141,302,75,232,5,49,0.45,47
2024-04-25,良,85,270,40,119,5,44,0.51,73
2024-04-26,良,66,212,30,83,5,46,0.52,74
2024-04-27,良,67,235,30,85,6,33,0.53,87
2024-04-28,良,64,259,36,79,6,18,0.50,108
2024-04-29,优,47,198,19,54,4,12,0.39,69
2024-04-30,优,31,87,9,26,4,13,0.35,79
日期,质量等级,AQI指数,当天AQI排名,PM2.5,PM10,So2,No2,Co,O3
2024-05-01,优,45,184,24,46,4,22,0.44,64
2024-05-02,良,56,241,31,63,6,31,0.53,50
2024-05-03,优,36,105,21,35,4,18,0.47,71
2024-05-04,优,34,107,20,32,4,16,0.47,85
2024-05-05,优,39,131,17,37,4,22,0.52,71
2024-05-06,良,57,203,22,53,5,30,0.54,91
2024-05-07,良,69,251,31,73,6,40,0.57,92
2024-05-08,良,66,233,36,80,8,32,0.59,97
2024-05-09,优,46,115,20,48,4,23,0.49,76
2024-05-10,优,50,128,14,52,4,23,0.45,88
2024-05-11,良,81,218,27,113,4,18,0.35,91
2024-05-12,良,63,204,20,72,4,31,0.39,91
2024-05-13,良,77,226,31,90,6,38,0.51,111
2024-05-14,良,77,230,33,86,6,45,0.54,99
2024-05-15,良,78,269,28,106,5,27,0.47,95
2024-05-16,良,71,264,27,77,7,25,0.49,117
2024-05-17,良,76,250,30,74,4,35,0.52,109
2024-05-18,良,71,222,31,80,5,33,0.51,108
2024-05-19,良,53,202,18,48,4,15,0.42,123
2024-05-20,优,46,204,20,44,4,17,0.43,109
2024-05-21,良,62,262,26,59,5,17,0.48,129
2024-05-22,良,64,257,25,58,7,19,0.46,129
2024-05-23,良,64,227,24,51,5,23,0.46,125
2024-05-24,良,55,203,23,50,6,19,0.46,115
2024-05-25,良,51,214,29,57,4,15,0.54,95
2024-05-26,优,43,215,18,35,4,13,0.55,101
2024-05-27,良,65,295,29,71,6,19,0.60,115
2024-05-28,良,58,246,27,66,7,18,0.55,111
2024-05-29,优,35,103,15,31,4,14,0.42,105
2024-05-30,良,52,239,16,60,4,14,0.36,84
2024-05-31,良,73,282,30,97,5,36,0.43,84
日期,质量等级,AQI指数,当天AQI排名,PM2.5,PM10,So2,No2,Co,O3
2024-06-01,良,72,294,35,95,7,32,0.48,83
2024-06-02,优,41,180,25,41,5,18,0.49,79
2024-06-03,良,58,241,31,64,5,19,0.56,92
2024-06-04,优,37,151,12,32,5,17,0.38,81
2024-06-05,优,39,164,13,35,6,15,0.38,93
2024-06-06,良,57,255,27,67,7,24,0.47,69
2024-06-07,优,50,243,21,49,5,15,0.48,92
2024-06-08,优,38,153,16,39,5,28,0.45,66
2024-06-09,优,40,170,15,38,5,26,0.41,80
2024-06-10,良,61,249,22,48,5,33,0.50,100
2024-06-11,良,52,220,18,44,5,27,0.44,95
2024-06-12,良,70,257,19,56,5,38,0.49,114
2024-06-13,良,66,238,22,58,5,32,0.45,106
2024-06-14,良,55,229,15,46,5,21,0.37,115
2024-06-15,良,82,292,28,68,7,29,0.46,147
2024-06-16,优,42,176,19,43,5,18,0.43,86
2024-06-17,良,53,210,19,37,5,17,0.47,112
2024-06-18,优,48,185,15,33,5,15,0.44,118
2024-06-19,优,46,205,18,38,6,16,0.48,113
2024-06-20,优,46,219,20,39,6,14,0.51,103
2024-06-21,优,35,169,6,24,5,10,0.42,99
2024-06-22,优,49,222,14,42,5,19,0.38,104
2024-06-23,良,59,221,15,47,6,22,0.39,121
2024-06-24,良,61,236,19,73,7,15,0.37,115
2024-06-25,良,84,265,39,114,7,18,0.43,123
2024-06-26,良,63,242,30,77,5,10,0.41,126
2024-06-27,良,56,221,23,53,6,13,0.41,122
2024-06-28,良,74,280,30,69,6,14,0.44,152
2024-06-29,良,53,260,18,49,6,16,0.40,121
2024-06-30,良,64,284,23,69,6,25,0.44,109
日期,质量等级,AQI指数,当天AQI排名,PM2.5,PM10,So2,No2,Co,O3
2024-07-01,优,26,93,11,21,5,11,0.41,81
2024-07-02,优,49,266,14,30,5,17,0.45,118
2024-07-03,优,34,163,17,34,5,21,0.49,63
2024-07-04,良,54,268,19,39,5,18,0.51,100
2024-07-05,优,36,210,15,34,5,12,0.45,82
2024-07-06,优,43,243,17,37,6,20,0.50,91
2024-07-07,优,38,220,20,38,6,22,0.58,48
2024-07-08,优,19,50,8,13,5,9,0.65,61
2024-07-09,优,31,153,17,30,5,11,0.65,73
2024-07-10,优,42,169,22,42,5,16,0.72,68
2024-07-11,优,46,199,19,36,5,17,0.68,87
2024-07-12,良,57,255,20,45,5,23,0.63,101
2024-07-13,优,48,238,24,50,5,21,0.64,83
2024-07-14,优,46,232,26,48,6,17,0.60,70
2024-07-15,优,46,249,25,48,5,14,0.65,68
2024-07-16,优,39,244,19,39,5,13,0.89,42
2024-07-17,优,15,20,6,14,5,12,0.65,35
2024-07-18,优,29,182,11,24,5,13,0.55,69
2024-07-19,优,31,200,14,31,5,19,0.58,33
2024-07-20,优,30,189,12,28,5,13,0.50,61
2024-07-21,优,41,254,16,35,5,15,0.56,81
2024-07-22,优,34,215,14,33,5,15,0.53,71
2024-07-23,优,48,287,23,52,6,23,0.63,45
2024-07-24,良,74,311,37,97,6,19,0.58,46
2024-07-25,良,83,326,39,115,6,17,0.45,85
2024-07-26,良,74,327,31,84,6,22,0.49,111
2024-07-27,良,52,315,28,54,6,16,0.61,100
2024-07-28,良,63,321,25,53,6,20,0.63,118
2024-07-29,优,44,307,22,47,6,21,0.63,70
2024-07-30,优,33,246,12,23,5,10,0.50,97
2024-07-31,优,44,298,16,36,6,18,0.52,87
日期,质量等级,AQI指数,当天AQI排名,PM2.5,PM10,So2,No2,Co,O3
2024-08-01,良,65,323,20,49,6,22,0.54,116
2024-08-02,良,60,321,25,55,7,21,0.56,102
2024-08-03,优,42,274,18,41,6,15,0.50,81
2024-08-04,优,45,299,17,44,6,21,0.50,74
2024-08-05,优,44,293,19,41,6,15,0.51,85
2024-08-06,优,38,241,17,37,6,12,0.53,95
2024-08-07,优,38,238,17,37,6,13,0.50,80
2024-08-08,优,40,244,18,39,6,12,0.60,80
2024-08-09,良,54,290,22,66,5,13,0.46,69
2024-08-10,轻度污染,103,313,41,157,6,20,0.43,63
2024-08-11,良,60,264,22,70,6,22,0.42,91
2024-08-12,良,58,283,16,50,6,26,0.44,100
2024-08-13,良,58,313,18,48,7,29,0.50,106
2024-08-14,良,56,309,24,54,7,25,0.55,100
2024-08-15,优,45,257,23,47,6,22,0.60,66
2024-08-16,优,42,241,18,36,6,18,0.58,87
2024-08-17,优,47,279,28,46,6,16,0.62,90
2024-08-18,优,46,291,20,37,6,13,0.60,105
2024-08-19,良,60,322,20,47,6,19,0.51,110
2024-08-20,良,57,317,22,49,7,18,0.54,103
2024-08-21,良,51,297,15,39,7,19,0.47,106
2024-08-22,良,66,317,28,60,8,26,0.57,106
2024-08-23,良,70,320,33,71,8,27,0.70,108
2024-08-24,良,61,296,36,67,7,17,0.70,100
2024-08-25,优,44,223,22,43,6,11,0.51,89
2024-08-26,优,37,200,14,34,6,10,0.48,79
2024-08-27,优,32,144,10,26,7,14,0.50,93
2024-08-28,优,43,275,18,40,8,17,0.60,102
2024-08-29,优,45,261,20,40,9,15,0.59,110
2024-08-30,优,39,181,20,37,7,15,0.54,88
2024-08-31,优,42,185,18,37,7,16,0.54,95
